SL. No,SPECIMEN,JOURNAL TITLE,geometry_signature,y,y_from_fem,replicate_count
1,NH-1.1,Moen et al. 2013,801c5b5fcdc8a3fffe875c61a3974ce2,12.6,False,1
2,NH-1.2,Moen et al. 2013,5113354e09b506b678f1d791ef7652ab,12.6,False,1
3,NH-2.1,Moen et al. 2013,62b527e289ae0bbe8b1ff833ee147b41,12.5,False,1
4,NH-2.2,Moen et al. 2013,3e9b838875af5ffcbef564b1f3cf7a64,12.5,False,1
5,NH-3.1,Moen et al. 2013,99c4d91393de131b2220bb65ce2d93de,13.0,False,1
6,NH-3.2,Moen et al. 2013,b14a25ddf0122612f61676e02b46d615,13.0,False,1
7,H0.9-1.1,Moen et al. 2013,9f43d642b147019285fea1e9d1f51d5b,9.7,False,1
8,H.09-1.2,Moen et al. 2013,5ae768355bf924611bcd8bcb2c6ce376,9.7,False,1
9,H.09-2.1,Moen et al. 2013,c9df794b45fbc62dac645ed6a88fcf89,10.5,False,1
10,H0.9-2.2,Moen et al. 2013,8d96cdf4e8e5be69709993392397d18b,10.5,False,1
11,H0.9-3.1,Moen et al. 2013,f9fca1cba20bfaa1da7db0a420096f77,10.8,False,1
12,H0.9-3.2,Moen et al. 2013,f5a622845c56b3e0e8549d2d7a184b05,10.8,False,1
13,H0.8-1.1,Moen et al. 2013,d77386f06a27ab0a799c5cd098e6ef10,8.2,False,1
14,H0.8-1.2,Moen et al. 2013,925eaa4e43c91e2c1318e612b4485383,8.2,False,1
15,H0.8-2.1,Moen et al. 2013,722e8a2b23f12400a7252b084cf39965,8.6,False,1
16,H0.8-2.2,Moen et al. 2013,6eda23ed8c89dc3efc783b5c7437013b,8.6,False,1
17,H0.8-3.1,Moen et al. 2013,233d85fa7420729645d7dea825d46382,8.6,False,1
18,H0.8-3.2,Moen et al. 2013,52c19f1e40e6d88ab8ebc127867568b5,8.6,False,1
19,240-L4000-EH1-1," Chen et al.,2020",21c5656ccc902e34b40e1cb6e4d2c4e5,12.9,False,1
20,240-L4000-EH1-2," Chen et al.,2020",fbadedc4a6c28a411774f0b0dbe183cb,12.9,False,1
21,240-L4000-EH1-3," Chen et al.,2020",4777abcb493f8fe61d8b75b01f09ae91,12.8,False,1
22,240-L4000-EH3," Chen et al.,2020",6b5491537733ade97a4a2316956ec6e5,13.3,False,1
23,240-L4000-EH5," Chen et al.,2020",2ae186db9c82b5c36fe89305afaff585,13.7,False,1
24,290-L4000-EH1," Chen et al.,2020",83474e6ae4bc4605d92ae82c234ebe81,19.3,False,1
25,290-L4000-EH3," Chen et al.,2020",dbf80eeddb3514675b8319c59d6430d4,19.8,False,1
26,290-L4000-EH5," Chen et al.,2020",71d02bc30d28160ae57aca8363e19171,20.5,False,1
27,240-L4000-UH1," Chen et al.,2020",448ce8d75d405a3dd31a6073e8ef1367,11.0,False,1
28,240-L4000-UH3," Chen et al.,2020",5c4af11e2ec38aa985641654ae416859,10.6,False,1
29,240-L4000-UH5," Chen et al.,2020",d263110a30e4d5f02591df56459e2e0d,10.2,False,1
30,290-L4000-UH1," Chen et al.,2020",fc11e03252d7511759b62d76e00bd446,16.7,False,1
31,290-L4000-UH3," Chen et al.,2020",31fc77fe5c4443daa4ac1411b15571d9,16.3,False,1
32,290-L4000-UH5," Chen et al.,2020",015dcca58db7da79b1474666ff2a7d16,15.7,False,1
33,NH− 1,Oruç 1 2025,69d946084712d392e94623e741d89881,11.57,False,1
34,SQR_1_0.28_0_2–1,Oruç 1 2025,f6c32028d19a17b171e9850697d1769a,11.18,False,1
35,SQR_1_0.28_400_2–1,Oruç 1 2025,22b85a822919b728895138dfe1e4c600,11.17,False,1
36,SQR_1_0.28_800_2–1,Oruç 1 2025,4075bda634bbb489d73a1228d7946c05,11.2,False,1
37,SQR_1_0.28_1000_2–1,Oruç 1 2025,84ec8b2c17617a95b6dd9803a501b95e,11.5,False,1
38,SQR_1_0.56_0_2–1,Oruç 1 2025,a43bf721abeafb019b08f33440bef1a5,9.88,False,1
39,SQR_1_0.56_400_2–1,Oruç 1 2025,b6390c9ef2ee59ea79eea941724d212f,9.98,False,1
40,SQR_1_0.56_800_2–1,Oruç 1 2025,4772b8f2f3829b688551114369997c0f,10.16,False,1
41,SQR_1_0.56_1000_2–1,Oruç 1 2025,118ea09657229aabf130cb841810c704,9.69,False,1
42,SQR_1_0.28_275_2–1,Oruç 1 2025,9bdaa501de5fd2e13e416f9cfa328a60,10.99,False,1
43,SQR_1_0.56_250_2–1,Oruç 1 2025,a6ae47b29a0d1bb7a2d79e9ec5478ea1,10.17,False,1
44,SQR_1_0.42_0_2,Oruç 1 2025,4df171b9de3e44a0108a8cefc877b931,11.64,True,1
45,SQR_1_0.42_383_2,Oruç 1 2025,2da648773f26428ec496f25abeda8daf,11.64,True,1
46,SQR_1_0.42_268_2,Oruç 1 2025,68777bb25a526b9b327eef70d9bc53a5,11.6,True,1
47,SQR_1_0.42_200_2,Oruç 1 2025,f33b151219c88d75c7b8bf4390a4b483,11.53,True,1
48,SQR_1_0.42_154_2,Oruç 1 2025,4964db8449308087476090a9d243bff5,11.51,True,1
49,SQR_1_0.67_0_2,Oruç 1 2025,34435a6232247b6f1152e11da5401e30,10.48,True,1
50,SQR_1_0.67_353_2,Oruç 1 2025,c72869403ce884760b8ea93f0ea4ac90,10.5,True,1
51,SQR_1_0.67_235_2,Oruç 1 2025,93a9eeb2542c4dc7167f061ddeeaa279,10.35,True,1
52,SQR_1_0.67_164_2,Oruç 1 2025,3dabc986a107dc403f541a508a18a81e,10.37,True,1
53,SQR_1_0.67_116_2,Oruç 1 2025,2fab3b00d5e5a6ef1cc101598bc1babc,10.3,True,1
54,SQR_1_0.78_0_2,Oruç 1 2025,c95fcf952276ccdbfb11e5035cebe7ac,9.33,True,1
55,SQR_1_0.78_340_2,Oruç 1 2025,cb11642709a39c20e31bd0e97a782a24,9.37,True,1
56,SQR_1_0.78_220_2,Oruç 1 2025,d17de73e9c49921ee5dd9f541659e7b0,9.18,True,1
57,SQR_1_0.78_148_2,Oruç 1 2025,53559d7c84bae94529db012f3973b3ef,9.3,True,1
58,SQR_1_0.78_100_2,Oruç 1 2025,5219f65ac8126a4a14a1d7021ecd33d4,9.17,True,1
59,SQR_1_0.89_0_2,Oruç 1 2025,cbb636c8ea467d6dadfef71c50f6f83b,7.37,True,1
60,SQR_1_0.89_327_2,Oruç 1 2025,11e5643d2078b0dbb2f55fe74a9494ff,7.62,True,1
61,SQR_1_0.89_205_2,Oruç 1 2025,d16d39d90d83990b7c59fec415c21a11,7.53,True,1
62,SQR_1_0.89_132_2,Oruç 1 2025,c1ffbf0419aeba93b2a1631704a242a9,7.74,True,1
64,REC_0.5_0.42_0_2,Oruç 1 2025,1780b905cdc1eec8079000dbbc3afeb7,11.49,True,1
65,REC_0.25_0.42_0_2,Oruç 1 2025,071d88582766ac2d457112edb3cdde2a,11.42,True,1
66,REC_0.125_0.42_0_2,Oruç 1 2025,48b3d94525f179c545695c19f46f749a,9.66,True,1
67,REC_0.062_0.42_0_2,Oruç 1 2025,117924ca09cf62a6681f91b4510207d1,7.79,True,1
68,REC_1.6_0.67_0_2,Oruç 1 2025,6fc1ff44f5b252a78b577420cb1f0ace,10.51,True,1
69,REC_0.8_0.67_0_2,Oruç 1 2025,f77b6618f84609e2bf629e737aac2b81,10.43,True,1
70,REC_0.4_0.67_0_2,Oruç 1 2025,386ed6bb1864da1fcc1b08a72bd44ee6,10.21,True,1
71,REC_0.2_0.67_0_2,Oruç 1 2025,0218c422191c1e3a7aef83b2ef029cd9,9.17,True,1
72,REC_0.1_0.67_0_2,Oruç 1 2025,1ebe50cc131866591957cfa58a388c84,5.93,True,1
73,REC_1.87_0.78_0_2,Oruç 1 2025,d9ad08be03447d09e8ef1eae6b2559a3,9.39,True,1
74,REC_0.93_0.78_0_2,Oruç 1 2025,00bde8bb63cc6e6f011903e60708633e,9.22,True,1
75,REC_0.47_0.78_0_2,Oruç 1 2025,a161b1dae0da28ecbb1a272adb2086fd,8.72,True,1
76,REC_0.23_0.78_0_2,Oruç 1 2025,1a68b5a3c8c5a6a524ae55396f745000,7.54,True,1
77,REC_0.12_0.78_0_2,Oruç 1 2025,c03efe577fbf988e5497da6b10779188,3.96,True,1
78,REC_2.13_0.89_0_2,Oruç 1 2025,ecb209c01e376ef6e3a1ac7da9a72987,8.03,True,1
79,REC_1.07_0.89_0_2,Oruç 1 2025,57fb3328ce1f3977540dd191b0669664,7.49,True,1
80,REC_0.53_0.89_0_2,Oruç 1 2025,135c827de4c0de62be3e2d0558a446b3,6.46,True,1
81,REC_0.27_0.89_0_2,Oruç 1 2025,f97de7d3e6ff444bae1c134e1b3787c1,4.61,True,1
82,REC_0.13_0.89_0_2,Oruç 1 2025,532b8b6f6b363b33c311c43184b67480,2.39,True,1
83,NH_0.5,Oruç 1 2025,f63a3a04049efe6046235302ff8fd69f,2.25,True,1
84,NH_1,Oruç 1 2025,7f7fbff0c6260924b630d0682be43187,4.38,True,1
85,NH_1.5,Oruç 1 2025,6af8292854651b48a0a089211e7f26e0,8.0,True,1
86,NH_2.5,Oruç 1 2025,2b84f66ac5a985b3782ec899d38a120a,15.19,True,1
87,NH_3,Oruç 1 2025,a16fb47fa2e6119056172fff9689bf7a,18.78,True,1
88,NH_3.5,Oruç 1 2025,64457b8e562dcab2c8643efebd297f7d,22.52,True,1
89,NH_4,Oruç 1 2025,5498534260c01e6b26de4a7981685cbd,26.26,True,1
90,SQR_1_0.42_0_0.5,Oruç 1 2025,8d7a4e894d55095a56f908db2bddc891,1.47,True,1
91,SQR_1_0.42_0_1,Oruç 1 2025,0c01e483d1fdfb5367057ae220df583d,4.42,True,1
92,SQR_1_0.42_0_1.5,Oruç 1 2025,e93216c23c483e5cb615bcea6b11c629,7.95,True,1
93,SQR_1_0.42_0_2.5,Oruç 1 2025,e92cf3c11dc7df1c169d09b679ba83b9,15.12,True,1
94,SQR_1_0.42_0_3,Oruç 1 2025,cc6310f6762ce6556d4b299cb63b612d,18.64,True,1
95,SQR_1_0.42_0_3.5,Oruç 1 2025,c4025f9e99e6b9cb931d8a00ff538e32,22.59,True,1
96,SQR_1_0.42_0_4,Oruç 1 2025,ca17e0690d506a9fa5676b5ea7d00421,25.46,True,1
97,SQR_1_0.67_0_0.5,Oruç 1 2025,ee22799892d8335f551994298d642f38,1.26,True,1
98,SQR_1_0.67_0_1,Oruç 1 2025,0e1fc47ca72108cbde3385ff408a12e6,3.92,True,1
99,SQR_1_0.67_0_1.5,Oruç 1 2025,696890d1f56fd505d6e9faa9573019c4,7.37,True,1
100,SQR_1_0.67_0_2.5,Oruç 1 2025,7f86517abb5063515fe46366af2333fd,13.38,True,1
101,SQR_1_0.67_0_3,Oruç 1 2025,32f08ea596f3493c695c1ce35e340623,16.38,True,1
102,SQR_1_0.67_0_3.5,Oruç 1 2025,3d457e1d6e244833255558f591245e1d,19.27,True,1
103,SQR_1_0.67_0_4,Oruç 1 2025,5fe8057d47984ec4a3650eb872652dbe,22.24,True,1
104,SQR_1_0.78_0_0.5,Oruç 1 2025,653c271d73c32fcf9ef7d113ffaa693a,0.99,True,1
105,SQR_1_0.78_0_1,Oruç 1 2025,fe196d8eeb1628b589954e26a9887f20,3.79,True,1
106,SQR_1_0.78_0_1.5,Oruç 1 2025,3796d8a4389435909eaa4b37c5f5c578,6.58,True,1
107,SQR_1_0.78_0_2.5,Oruç 1 2025,7c48e301bf2c0a70b1d30328792bd31c,12.13,True,1
108,SQR_1_0.78_0_3,Oruç 1 2025,2facd0147f038821d3b08a6f80e422c0,14.28,True,1
109,SQR_1_0.78_0_3.5,Oruç 1 2025,70f6b98f677efb9b611482f7f728cb20,17.24,True,1
110,SQR_1_0.78_0_4,Oruç 1 2025,69fc9f59d9aee9de2580e988dcbcb306,19.93,True,1
111,SQR_1_0.89_0_0.5,Oruç 1 2025,1fd409165a46aff86753811e02b8d41e,1.01,True,1
112,SQR_1_0.89_0_1,Oruç 1 2025,0b70e10618517fe44ada3cdfe182581d,2.69,True,1
113,SQR_1_0.89_0_1.5,Oruç 1 2025,34d66b6cd095e694b3a7d816cecf4ac3,5.14,True,1
114,SQR_1_0.89_0_2.5,Oruç 1 2025,0b5e413bb6ffe7a1bd58495311c29eca,9.47,True,1
115,SQR_1_0.89_0_3,Oruç 1 2025,2edf379f2b985778b44862035ab7bc02,11.74,True,1
116,SQR_1_0.89_0_3.5,Oruç 1 2025,189b9e5d2c7b5411b96af6e7726e4eab,14.14,True,1
117,SQR_1_0.89_0_4,Oruç 1 2025,30b6af14d61eb75611cf466781b344ab,16.74,True,1
118,H200r0d20t2.0-1,"Zhao et al., 2019",36ca7337e454fbfe520b2da73acd9887,15.227,False,1
119,H200r0d20t2.0-2,"Zhao et al., 2019",8e1e4da00ae1b8db1c3f421ab9aa7eb9,15.227,False,1
120,H200r0.2d20t2.0-1,"Zhao et al., 2019",7f89dfae3d7bb53ad33c5263a4f577a6,14.315,False,1
121,H200r0.2d20t2.0-2,"Zhao et al., 2019",f221044dcaf53b162ae2a832e2b67911,14.315,False,1
122,H200r0.4d20t2.0-1,"Zhao et al., 2019",b5fd3504f052845382bbc7c6624503fe,14.168,False,1
123,H200r0.4d20t2.0-2,"Zhao et al., 2019",9d926c71938c04c9780e1e6abad02266,14.168,False,1
124,H200r0.6d20t2.0-1,"Zhao et al., 2019",f89240913bfab5a20448ebdedf54cf20,13.8,False,1
125,H200r0.6d20t2.0-2,"Zhao et al., 2019",748f8918ab589ce4a490dc88a09a083c,13.8,False,1
126,H200r0.8d20t2.0-1,"Zhao et al., 2019",06322c5a086d500794da26efc59975da,13.271,False,1
127,H200r0.8d20t2.0-2,"Zhao et al., 2019",f39d668db8494166b128af54941f5b7d,13.271,False,1
128,H200r0d40t2.0-1,"Zhao et al., 2019",765aa3e6563b346296bb47d1021ee59b,17.404,False,1
129,H200r0d40t2.0-2,"Zhao et al., 2019",068ae09fcf72455eb2228eedd6143d4f,17.404,False,1
130,H200r0.2d40t2.0-1,"Zhao et al., 2019",d1cac1256a4660955a1a3951dc3a630a,16.684,False,1
131,H200r0.2d40t2.0-2,"Zhao et al., 2019",bf5ffda00e46c04327992482d0449edc,16.684,False,1
132,H200r0.4d40t2.0-1,"Zhao et al., 2019",a5b27dcb7ed396823bc4151d72273878,16.333,False,1
133,H200r0.4d40t2.0-2,"Zhao et al., 2019",6fd53fd6ad4438b95a75b57f7f2f7a85,16.333,False,1
134,H200r0.6d40t2.0-1,"Zhao et al., 2019",68387d50c5112462ab94710f6abaef34,15.154,False,1
135,H200r0.6d40t2.0-2,"Zhao et al., 2019",98b9cebf94e1f7269d459e9307fc5565,15.154,False,1
136,H200r0.8d40t2.0-1,"Zhao et al., 2019",fa3c1ef2ac24571a5b7af5426d4aaa11,14.565,False,1
137,H200r0.8d40t2.0-2,"Zhao et al., 2019",7c5c4284e888fb4dc64dd92c0a1d29fb,14.565,False,1
138,H180r0.2d20t2.0,"Zhao et al., 2019",40c0930f8be4f89a90af7cb624f4c9dc,11.82,True,1
139,H180r0.4d20t2.0,"Zhao et al., 2019",e6e1a7f62fe54b372d4f496c61bce24c,11.41,True,1
140,H180r0.6d20t2.0,"Zhao et al., 2019",6dce4d0b1aed8783a066887ad98ffe8b,11.08,True,1
141,H180r0.8d20t2.0,"Zhao et al., 2019",73da0ce24ed41d98ff836c1e44304cb1,10.16,True,1
142,H180r0.2d20t2.5,"Zhao et al., 2019",62b4ea8ca4f1e7fe657c57bbc3cbc259,16.18,True,1
143,H180r0.4d20t2.5,"Zhao et al., 2019",768ec5f2cce05cb578fe63961224705f,15.52,True,1
144,H180r0.6d20t2.5,"Zhao et al., 2019",b7f999729e6e915bd47855a1120a76ce,14.81,True,1
145,H180r0.8d20t2.5,"Zhao et al., 2019",8af53d577f6911d743bad0cb87e2f7a3,13.31,True,2
146,H180r0.2d20t3.0,"Zhao et al., 2019",fa224eb49973c3376e79bf28e8b07042,20.24,True,1
147,H180r0.4d20t3.0,"Zhao et al., 2019",5afab0dcdc0876eee2080b9f8456e8ac,19.39,True,1
148,H180r0.6d20t3.0,"Zhao et al., 2019",fca74f011145dbb78e2452f03fc6b9ed,18.29,True,1
149,H180r0.8d20t3.0,"Zhao et al., 2019",8af53d577f6911d743bad0cb87e2f7a3,16.11,True,2
150,H200r0.2d20t2.5,"Zhao et al., 2019",f599ae623b27896ff228bdeea8489245,18.37,True,1
151,H200r0.4d20t2.5,"Zhao et al., 2019",21a9fbeb0442f00ce25fa35c3856c72a,17.61,True,1
152,H200r0.6d20t2.5,"Zhao et al., 2019",95c940314a854819410e3d923ab05cac,16.79,True,1
153,H200r0.8d20t2.5,"Zhao et al., 2019",b68887466919ef91ded4db5d1b00d9be,15.24,True,1
154,H200r0.2d20t3.0,"Zhao et al., 2019",fdcb93632e9f07cfc87869444c38bd1f,22.87,True,1
155,H200r0.4d20t3.0,"Zhao et al., 2019",64f15e0c70e96162c74366638a21ce7f,22.04,True,1
156,H200r0.6d20t3.0,"Zhao et al., 2019",18d2830f276105cd3eb70c4858f1b27f,20.79,True,1
157,H200r0.8d20t3.0,"Zhao et al., 2019",1e45044e42ea562de72f51fb31eb25de,18.52,True,1
158,H220r0.2d20t2.0,"Zhao et al., 2019",0e4faa563c5f022cdc0501c10fe5f856,14.99,True,1
159,H220r0.4d20t2.0,"Zhao et al., 2019",c7ddd43e7934cc20410b10027a4ef5c8,14.76,True,1
160,H220r0.6d20t2.0,"Zhao et al., 2019",c0aa7f4da5cab867c5511b07f2623365,13.95,True,1
161,H220r0.8d20t2.0,"Zhao et al., 2019",521d7ed45d706f996619df2045b44815,12.93,True,1
162,H220r0.2d20t2.5,"Zhao et al., 2019",92a3d3883c0f23ca4234d14cc236d098,20.35,True,1
163,H220r0.4d20t2.5,"Zhao et al., 2019",456104133934a6c37d52697eb9c1359e,19.55,True,1
164,H220r0.6d20t2.5,"Zhao et al., 2019",1591b004b2c3080d9d0bdf2c8704cc7f,18.7,True,1
165,H220r0.8d20t2.5,"Zhao et al., 2019",328f1c71ef8d6e0309a72d738fd6a0c9,16.98,True,1
166,H220r0.2d20t3.0,"Zhao et al., 2019",5fc7a7e356be9ad3f4e640ab3197270b,25.44,True,1
167,H220r0.4d20t3.0,"Zhao et al., 2019",d1254b3c1872f9a697c2787a4835e98b,24.6,True,1
168,H220r0.6d20t3.0,"Zhao et al., 2019",b81c5be9c51698bb78f329624a95213c,23.21,True,1
169,H220r0.8d20t3.0,"Zhao et al., 2019",9129be87475755a0beb1c9a4c50c8ad7,20.57,True,1
170,H180r0.2d40t2.0,"Zhao et al., 2019",f930edc0d774c54b9122a447ad993648,14.56,True,1
171,H180r0.4d40t2.0,"Zhao et al., 2019",4f63a4c6d87b986b18c0ca706ef724c9,14.06,True,1
172,H180r0.6d40t2.0,"Zhao et al., 2019",917e9509fb92ca5c12dfd3cc38d47756,12.56,True,1
173,H180r0.8d40t2.0,"Zhao et al., 2019",669128f793642a7ee7a123b91176eaa0,10.83,True,1
174,H180r0.2d40t2.5,"Zhao et al., 2019",79041a84f5eeb88feead5c2fbe84cd0f,19.57,True,1
175,H180r0.4d40t2.5,"Zhao et al., 2019",175bff898b7d4d9043a7a0acaef1cc19,18.89,True,1
176,H180r0.6d40t2.5,"Zhao et al., 2019",74245a9f65772b6d27897d5d15856ea8,16.96,True,1
177,H180r0.8d40t2.5,"Zhao et al., 2019",2af698cbfbfefe28ede04be34c3150ae,14.89,True,1
178,H180r0.2d40t3.0,"Zhao et al., 2019",1b7d2bfdd5ce7907c31394b37e00dccf,24.45,True,1
179,H180r0.4d40t3.0,"Zhao et al., 2019",649a24c7f6eab732deca4ff380f6e6f3,23.32,True,1
180,H180r0.6d40t3.0,"Zhao et al., 2019",30cf7b5c08149ccf697034cbecaa5687,21.6,True,1
181,H180r0.8d40t3.0,"Zhao et al., 2019",4550546d4107089c8c56a7b8aa8af436,19.03,True,1
182,H200r0.2d40t2.0,"Zhao et al., 2019",34c1bb6d0be54c53de2751ada12ae03d,16.68,True,1
183,H200r0.4d40t2.0,"Zhao et al., 2019",88771f476c0f4e601b1ad58b957762f4,16.33,True,1
184,H200r0.6d40t2.0,"Zhao et al., 2019",6944f12f0a95dc522770ea65c45c0f35,15.15,True,1
185,H200r0.8d40t2.0,"Zhao et al., 2019",ca8fd7f355078ad26e6800fba05d9088,14.57,True,1
186,H200r0.2d40t2.5,"Zhao et al., 2019",b865b4e33dbbfbfcc95e8aa99c2f77c5,22.47,True,1
187,H200r0.4d40t2.5,"Zhao et al., 2019",552904d788c865bbd47be86f4f53ae9b,21.78,True,1
188,H200r0.6d40t2.5,"Zhao et al., 2019",c351fda9992c55baa66cb6d99edcb4f9,19.96,True,1
189,H200r0.8d40t2.5,"Zhao et al., 2019",4478af44f1337f5553ef7a0ba9c071ff,16.74,True,1
190,H200r0.2d40t3.0,"Zhao et al., 2019",3d1b8fe13b8bf4abf273f98a9f7af896,28.05,True,1
191,H200r0.4d40t3.0,"Zhao et al., 2019",3e22f5071afd564d229ef936c827f3c2,27.03,True,1
192,H200r0.6d40t3.0,"Zhao et al., 2019",3b164ecde8890357a415a0579b77a4e0,24.91,True,1
193,H200r0.8d40t3.0,"Zhao et al., 2019",5a62f459df4f346d321dde95ab61efd5,22.28,True,1
194,H220r0.2d40t2.0,"Zhao et al., 2019",47b39eff655be61ac84c9bc326fa7111,18.69,True,1
195,H220r0.4d40t2.0,"Zhao et al., 2019",2d27cde6b0a28b02b9a8c20dad5d4a91,18.28,True,1
196,H220r0.6d40t2.0,"Zhao et al., 2019",d4faf1ba6159c8615fbda1a4c878391b,16.27,True,1
197,H220r0.8d40t2.0,"Zhao et al., 2019",569932c96a3c239a00859735b5494a43,14.32,True,1
198,H220r0.2d40t2.5,"Zhao et al., 2019",0987efc39f65579dee490f43935a967a,25.24,True,1
199,H220r0.4d40t2.5,"Zhao et al., 2019",97e623f9a79b9cfd5ae97fdb19216891,24.46,True,1
200,H220r0.6d40t2.5,"Zhao et al., 2019",63bc20c8167694c2841bc1bbb3fc0370,22.63,True,1
201,H220r0.8d40t2.5,"Zhao et al., 2019",dcb7b88eea034e8d21e43db7d504372e,19.25,True,1
203,H220r0.2d40t3.0,"Zhao et al., 2019",4c326c3408244af41c963ff7ce27df71,31.57,True,1
204,H220r0.4d40t3.0,"Zhao et al., 2019",4271cdafa5ba1db0181ab710c191cfab,30.37,True,1
205,H220r0.6d40t3.0,"Zhao et al., 2019",88a7cc302d6e85a5621dffd9b7aa57b7,27.99,True,1
206,H220r0.8d40t3.0,"Zhao et al., 2019",51a5e602ebc4cd08f7534636df8c901e,25.09,True,1
207,800 S 200-33-100-1-1,Soroori Rad 2010,705e12c07b31bcec5bf70138f34ecb0c,5.45,False,1
208,800 S 200-33-100-1-2,Soroori Rad 2011,98c16b87c0ee225693e2fefcac3d6bb1,5.38,False,1
209,800 S 200-33-100-2-1,Soroori Rad 2011,cdbc88de922c87c44c3cc5d45867d1e7,5.64,False,1
210,800 S 200-33-100-2-2,Soroori Rad 2011,b84bf9f668a161f6462cc3c47a3c962e,5.44,False,1
211,800 S 200-33-95-2-1,Soroori Rad 2011,ff71c09048761bd2bda2c7d17cc422d8,5.46,False,1
212,800 S 200-33-95-2-2,Soroori Rad 2011,943ef4f81ca3be80110eb0b9f4882378,5.48,False,1
213,800 S 200-33-90-2-1,Soroori Rad 2011,44c4f0c71ab418c70da315653c6a003e,5.55,False,1
214,800 S 200-33-90-2-2,Soroori Rad 2011,c88048f5db1a149fdc990caf91a42937,5.44,False,1
215,800 S 200-33-85-2-1,Soroori Rad 2011,df313f4a920d3d87282d61929f24ea28,5.5,False,1
216,800 S 200-33-85-2-2,Soroori Rad 2011,d8be40bf71dcfac371e9cc84b7c3afe5,5.33,False,1
217,800 S 200-33-95-1-1,Soroori Rad 2011,bf8ba4c507baa910a415231ac28728cc,5.48,False,1
218,800 S 200-33-95-1-2,Soroori Rad 2011,2cd786de8a06a406233ddc2051bfadea,5.57,False,1
219,800 S 200-33-90-1-1,Soroori Rad 2011,bf2cba5a84a9e83270124285ae339f49,5.55,False,1
220,800 S 200-33-90-1-2,Soroori Rad 2011,86e7681b3f1ab6ffb4db02d7cf30c5fc,5.55,False,1
221,800 S 200-33-85-1-1,Soroori Rad 2011,6266082af92d23681997bdfdbe35056a,5.28,False,1
222,800 S 200-33-85-1-2,Soroori Rad 2011,91278314a5161f8f34615e9c4fbf7631,5.35,False,1
223,1000 S 162-54-100-1-1,Soroori Rad 2011,fc3803f38d15d18463826b1035c5b84c,11.11,False,1
224,1000 S 162-54-100-1-2,Soroori Rad 2011,27450b77d1c61b5740a3a365d0a22d10,11.04,False,1
225,1000 S 162-54-100-2-1,Soroori Rad 2011,89a95f49e2af093869d81a1445223ccb,10.5,False,1
226,1000 S 162-54-100-2-2,Soroori Rad 2011,39520a704eed7eecba32806c90a36574,10.6,False,1
227,1000 S 162-54-100-3-1,Soroori Rad 2011,545767d34ca08f7afc55e7eb53319c88,10.26,False,1
228,1000 S 162-54-100-3-2,Soroori Rad 2011,68e1ceefdbba1b1a8f7f836f61dbba7b,10.42,False,1
229,1000 S 162-54-95-1-1,Soroori Rad 2011,5110a5350cd217d443bae2a6cdecdc76,11.06,False,1
230,1000 S 162-54-95-1-2,Soroori Rad 2011,71fc1c7811cef118b1ed201ba9d1d380,11.08,False,1
231,1000 S 162-54-95-2-1,Soroori Rad 2011,6f37abe3f2fff792efc589e6a88d6692,10.93,False,1
232,1000 S 162-54-95-2-2,Soroori Rad 2011,b5dd7d97af161f3122b1be8da75999a5,10.88,False,1
233,1000 S 162-54-95-3-1,Soroori Rad 2011,b4ecdaf1eaf2d0b2580114e6f7bb038f,10.59,False,1
234,1000 S 162-54-95-3-2,Soroori Rad 2011,40a5921c555160dec5da97762e1a4d0b,11.12,False,1
235,1000 S 162-54-90-1-1,Soroori Rad 2011,eb99189e9461693b025b93d7019082f6,10.56,False,1
236,1000 S 162-54-90-1-2,Soroori Rad 2011,958c9b4f9cc40a32d6bd6dbb1efb273b,10.56,False,1
237,1000 S 162-54-90-2-1,Soroori Rad 2011,4781086a2f3bc6d8fba4e93657dba767,10.62,False,1
238,1000 S 162-54-90-2-2,Soroori Rad 2011,388d27609078f2e6a61a32afa4a88b9f,10.67,False,1
239,1000 S 162-54-90-3-1,Soroori Rad 2011,3e954ebf12f00f0690f6916660bc0880,11.1,False,1
240,1000 S 162-54-90-3-2,Soroori Rad 2011,14cb077c20ebef262e60e60fcac4631e,10.97,False,1
241,1000 S 162-54-85-1-1,Soroori Rad 2011,bb08ace2a046fd3229652b122d850398,10.6,False,1
242,1000 S 162-54-85-1-2,Soroori Rad 2011,0df553b8145b9bde74c1ff50ecb6e244,11.38,False,1
243,1000 S 162-54-85-2-1,Soroori Rad 2011,99734043a99cd35c482f7849eecdad3f,10.61,False,1
244,1000 S 162-54-85-2-2,Soroori Rad 2011,0315e1329c5d13bb9e8d31b8ef168318,10.61,False,1
245,1000 S 162-54-85-3-1,Soroori Rad 2011,c1a8f6ba59050b40b37bf66a4e085f9b,10.78,False,1
246,1000 S 162-54-85-3-2,Soroori Rad 2011,22528ced53ba9d0eaf9d95130c60f54f,10.84,False,1
247,1200 S 162-68-100-1-1,Soroori Rad 2011,c1df51f72b630d7b219cd6d6250d1171,27.29,False,1
248,1200 S 162-68-100-1-2,Soroori Rad 2011,eb965ce75a9a71273152e4404da4ddac,27.55,False,1
249,1200 S 162-68-100-2-1,Soroori Rad 2011,520f39b8b86ab00609b718694826886e,27.66,False,1
250,1200 S 162-68-100-2-2,Soroori Rad 2011,e788691828f027e5fa4852dd61e811cd,25.9,False,1
251,1200 S 162-68-100-3-1,Soroori Rad 2011,7d56f110c5be10eb37096342cdf4bf85,27.55,False,1
252,1200 S 162-68-100-3-2,Soroori Rad 2011,2427c288e6018645b6256de511a2a606,27.79,False,1
253,1200 S 162-68-95-1-1,Soroori Rad 2011,7fd65aa3d49ac5fc19624d6641364e2d,27.41,False,1
254,1200 S 162-68-95-1-2,Soroori Rad 2011,2697c346254f6421bd2a2589defdf612,27.58,False,1
255,1200 S 162-68-95-2-1,Soroori Rad 2011,9e34cfabccd629f8f6a1f34eb4996f2c,28.05,False,1
256,1200 S 162-68-95-2-2,Soroori Rad 2011,a9f3de89d71ddd1fd5394acb0cc9063e,28.96,False,1
257,1200 S 162-68-95-3-1,Soroori Rad 2011,00cfd8e4d55bc8a74b4070be2a6f957c,28.73,False,1
258,1200 S 162-68-95-3-2,Soroori Rad 2011,1df5b04dc5e6338d3a031cfd994eb8a5,29.21,False,1
259,1200 S 162-68-90-1-1,Soroori Rad 2011,915d2b55c5dc472a513619f9a8ebf4e9,27.1,False,1
260,1200 S 162-68-90-1-2,Soroori Rad 2011,1a2c38b5c4914514fb7490a06dc85adf,27.5,False,1
261,1200 S 162-68-90-2-1,Soroori Rad 2011,c61a1b66dafed5d2bbe4bc1db2f7308d,26.82,False,1
262,1200 S 162-68-90-2-2,Soroori Rad 2011,f25c2c065137ae384da4c4b168c5c77c,27.53,False,1
263,1200 S 162-68-90-3-1,Soroori Rad 2011,957547fbe001f8745f70ae1ebd8324c6,27.83,False,1
264,1200 S 162-68-90-3-2,Soroori Rad 2011,49b9e9653552316b2fd355fc0dc9feee,27.84,False,1
265,1200 S 162-68-85-1-1,Soroori Rad 2011,2aace3eaf7c92ace1aa56548d7e0bbbc,27.03,False,1
266,1200 S 162-68-85-1-2,Soroori Rad 2011,66a655085eb8df4cae6e7c7f3713f1b8,28.47,False,1
267,1200 S 162-68-85-2-1,Soroori Rad 2011,e05ab4a92183e1f2979163ba00773c8e,28.47,False,1
268,1200 S 162-68-85-2-2,Soroori Rad 2011,754a1c90134ab5b37f9fb06efe0caf3c,27.61,False,1
269,1200 S 162-68-85-3-1,Soroori Rad 2011,8c061792dd22b76e0f24c88cc54a682a,29.35,False,1
270,1200 S 162-68-85-3-2,Soroori Rad 2011,80d4a3242c65b5d9519d3089ef1e9c1f,28.56,False,1
271,C240-L4000-EEH1-D0.4-B2,"Chandramohan et al., 2025",dbea8d54260120b55ccb167468cfd0a3,11.21,True,4
272,C240-L4000-EEH1-D0.4-B2.5,"Chandramohan et al., 2025",3a6058d025c067e5a6096f88eb27c737,9.95,True,8
273,C240-L4000-EEH1-D0.4-B3,"Chandramohan et al., 2025",2a073d35b4747a6a661c8b9d5dda6feb,9.65,True,4
274,C240-L4000-EEH1-D0.5-B2,"Chandramohan et al., 2025",35b086c56c1da39f676a89c278f18d32,10.02,True,4
275,C240-L4000-EEH1-D0.5-B2.5,"Chandramohan et al., 2025",3a6058d025c067e5a6096f88eb27c737,9.38,True,8
276,C240-L4000-EEH1-D0.6-B2,"Chandramohan et al., 2025",59fecd56b78272f1d5e6a484b879111d,8.97,True,4
277,C240-L4000-EEH1-D0.6-B2.5,"Chandramohan et al., 2025",32aaa2ed42c53faed9459296d9a47a07,9.9,True,4
278,C240-L4000-EEH1-D0.6-B3,"Chandramohan et al., 2025",acad8dbfe68453bbe86deaac24b75ea7,9.27,True,4
279,C290-L4000-EEH1-D0.4-B2,"Chandramohan et al., 2025",4a3b5d46e3e56b67a0534c3407129cca,8.67,True,4
280,C290-L4000-EEH1-D0.4-B2.5,"Chandramohan et al., 2025",f5814afc550613e91b5d98ff95df50a8,16.55,True,4
281,C290-L4000-EEH1-D0.5-B2,"Chandramohan et al., 2025",58a87aa47bf76dabb1dbabb997624f4f,15.08,True,4
282,C290-L4000-EEH1-D0.5-B2.5,"Chandramohan et al., 2025",a9c9456452c123728eaef475c3bd517a,16.2,True,4
283,C290-L4000-EEH1-D0.6-B2,"Chandramohan et al., 2025",5a518b3aee9b0e1de4087aca08657ee4,15.46,True,4
284,C290-L4000-EEH1-D0.6-B2.5,"Chandramohan et al., 2025",fbd1fa24cec5dd06582e6970f5ac1806,14.68,True,4
285,C290-L4000-EEH1-D0.6-B3,"Chandramohan et al., 2025",1661bd3b90b4b91d0c93ee7f1a041f5f,15.7,True,4
286,C240-L6000-EEH1-D0.4-B2,"Chandramohan et al., 2025",c9569ab083fca0d777de5affdb50c53f,10.89,True,4
287,C240-L6000-EEH3-D0.4-B2,"Chandramohan et al., 2025",e673cac1a62758dc197dc18bc191f946,10.69,True,4
288,C240-L6000-EEH1-D0.4-B2.5,"Chandramohan et al., 2025",dca14988b4f1fa478dad1bdc7855d8c1,10.37,True,4
289,C240-L6000-EEH3-D0.4-B2.5,"Chandramohan et al., 2025",ce18f7262e7c08225218a62d1835e574,10.08,True,4
290,C240-L6000-EEH1-D0.4-B3,"Chandramohan et al., 2025",963c279579687325cf65d7816d746cda,9.95,True,4
291,C240-L6000-EEH3-D0.4-B3,"Chandramohan et al., 2025",7c92c4df9bd7cd02299e19fe67d53071,9.22,True,4
292,C240-L6000-EEH1-D0.5-B2,"Chandramohan et al., 2025",7a5b9a94283420d8345ade98fccb8343,10.33,True,4
293,C240-L6000-EEH3-D0.5-B2,"Chandramohan et al., 2025",3f06e4a668e410a05799a101e5c95d37,9.19,True,4
294,C240-L6000-EEH1-D0.5-B2.5,"Chandramohan et al., 2025",0a0dce3d81eec912054cde6bbc93e2f6,9.74,True,4
295,C240-L6000-EEH3-D0.5-B2.5,"Chandramohan et al., 2025",fd64c2006a42e1fe9eafbc7b96757843,8.78,True,4
296,C240-L6000-EEH1-D0.5-B3,"Chandramohan et al., 2025",6fd7f9f6f4f02162595aa7e4e1dc547e,9.18,True,4
297,C240-L6000-EEH3-D0.5-B3,"Chandramohan et al., 2025",fa2f4ff05f6cc78261f9adaf55d8357b,8.39,True,4
298,C240-L6000-EEH1-D0.6-B2,"Chandramohan et al., 2025",c617f30653fa0f185c22161c0b2a62b0,10.2,True,4
299,C240-L6000-EEH3-D0.6-B2,"Chandramohan et al., 2025",0bd195310aa0697ac0d23496e708abcc,8.91,True,4
300,C240-L6000-EEH1-D0.6-B2.5,"Chandramohan et al., 2025",0c41e698174bd6f8aa4d6c418a25888e,9.63,True,4
301,C240-L6000-EEH3-D0.6-B2.5,"Chandramohan et al., 2025",806dd35b8cdadc4f4ba02e0cf8b5a056,8.16,True,4
302,C240-L6000-EEH1-D0.6-B3,"Chandramohan et al., 2025",71571da1f7eb7125db563b7f1600c8ac,8.87,True,4
303,C240-L6000-EEH3-D0.6-B3,"Chandramohan et al., 2025",aa1c6d696208367d9a2169f48101faff,7.59,True,4
304,C290-L6000-EEH1-D0.4-B2,"Chandramohan et al., 2025",2176bd19b6945c30e88bb85619db4a04,15.85,True,4
305,C290-L6000-EEH3-D0.4-B2,"Chandramohan et al., 2025",3b584d5cf338a5aa11cc55dc9f21f39f,15.57,True,4
306,C290-L6000-EEH1-D0.4-B2.5,"Chandramohan et al., 2025",0a3f84b5efa3c4b1d2d6f44b8593d488,15.3,True,4
307,C290-L6000-EEH3-D0.4-B2.5,"Chandramohan et al., 2025",7c9b7f765badf7e1cb8f51e35f011395,15.05,True,4
308,C290-L6000-EEH1-D0.4-B3,"Chandramohan et al., 2025",8a6cb5e45e812e6685d0515a9e457183,14.82,True,4
309,C290-L6000-EEH3-D0.4-B3,"Chandramohan et al., 2025",094e3701ef741971d15a7132b2cb311b,14.48,True,4
310,C290-L6000-EEH1-D0.5-B2,"Chandramohan et al., 2025",45b8b2684ec6c674633f38a517f85b68,14.99,True,4
311,C290-L6000-EEH3-D0.5-B2,"Chandramohan et al., 2025",5e3949193432d06b06987eddfa4249c1,14.65,True,4
312,C290-L6000-EEH1-D0.5-B2.5,"Chandramohan et al., 2025",4569f04825bf153a0a71a1c7332330d3,14.25,True,4
313,C290-L6000-EEH3-D0.5-B2.5,"Chandramohan et al., 2025",43f60415e409cfe65620acb92d805d15,13.52,True,4
314,C290-L6000-EEH1-D0.5-B3,"Chandramohan et al., 2025",bf9141d1d5e972e6ac07dfdd3d77aed3,13.63,True,4
315,C290-L6000-EEH3-D0.5-B3,"Chandramohan et al., 2025",151c98cab4dcddd5df2bf55e31a72d5f,12.71,True,4
316,C290-L6000-EEH1-D0.6-B2,"Chandramohan et al., 2025",be4be35294a8566470750a2aa0870f82,12.76,True,4
317,C290-L6000-EEH3-D0.6-B2,"Chandramohan et al., 2025",cb8bba0ebdf2b8f24012e4eef253f1a1,12.62,True,4
318,C290-L6000-EEH1-D0.6-B2.5,"Chandramohan et al., 2025",103332ffc3b02eb9a410b370558e5ec6,12.06,True,4
319,C290-L6000-EEH3-D0.6-B2.5,"Chandramohan et al., 2025",eb6ba40bfc4c49967977c0980db5575a,11.98,True,4
320,C290-L6000-EEH1-D0.6-B3,"Chandramohan et al., 2025",bdd95f93fff398856e2d718424eaec71,11.52,True,4
321,C290-L6000-EEH3-D0.6-B3,"Chandramohan et al., 2025",47faf717b3981dc3fb3e6bb24ab6cd65,11.38,True,4
322,C240-L4000-EEH1-D0.4-B2,"Chandramohan et al., 2025",dbea8d54260120b55ccb167468cfd0a3,13.2,True,4
323,C240-L4000-EEH1-D0.4-B2.5,"Chandramohan et al., 2025",3a6058d025c067e5a6096f88eb27c737,12.83,True,8
324,C240-L4000-EEH1-D0.4-B3,"Chandramohan et al., 2025",2a073d35b4747a6a661c8b9d5dda6feb,12.41,True,4
325,C240-L4000-EEH1-D0.5-B2,"Chandramohan et al., 2025",35b086c56c1da39f676a89c278f18d32,12.62,True,4
327,C240-L4000-EEH1-D0.5-B2.5,"Chandramohan et al., 2025",3a6058d025c067e5a6096f88eb27c737,12.18,True,8
328,C240-L4000-EEH1-D0.6-B2,"Chandramohan et al., 2025",59fecd56b78272f1d5e6a484b879111d,11.69,True,4
329,C240-L4000-EEH1-D0.6-B2.5,"Chandramohan et al., 2025",32aaa2ed42c53faed9459296d9a47a07,12.34,True,4
330,C240-L4000-EEH1-D0.6-B3,"Chandramohan et al., 2025",acad8dbfe68453bbe86deaac24b75ea7,11.16,True,4
331,C290-L4000-EEH1-D0.4-B2,"Chandramohan et al., 2025",4a3b5d46e3e56b67a0534c3407129cca,10.64,True,4
332,C290-L4000-EEH1-D0.4-B2.5,"Chandramohan et al., 2025",f5814afc550613e91b5d98ff95df50a8,19.38,True,4
333,C290-L4000-EEH1-D0.5-B2,"Chandramohan et al., 2025",58a87aa47bf76dabb1dbabb997624f4f,18.16,True,4
334,C290-L4000-EEH1-D0.5-B2.5,"Chandramohan et al., 2025",a9c9456452c123728eaef475c3bd517a,18.72,True,4
335,C290-L4000-EEH1-D0.6-B2,"Chandramohan et al., 2025",5a518b3aee9b0e1de4087aca08657ee4,18.37,True,4
336,C290-L4000-EEH1-D0.6-B2.5,"Chandramohan et al., 2025",fbd1fa24cec5dd06582e6970f5ac1806,17.68,True,4
337,C290-L4000-EEH1-D0.6-B3,"Chandramohan et al., 2025",1661bd3b90b4b91d0c93ee7f1a041f5f,17.65,True,4
338,C240-L6000-EEH1-D0.4-B2,"Chandramohan et al., 2025",c9569ab083fca0d777de5affdb50c53f,11.94,True,4
339,C240-L6000-EEH3-D0.4-B2,"Chandramohan et al., 2025",e673cac1a62758dc197dc18bc191f946,11.75,True,4
340,C240-L6000-EEH1-D0.4-B2.5,"Chandramohan et al., 2025",dca14988b4f1fa478dad1bdc7855d8c1,11.76,True,4
341,C240-L6000-EEH3-D0.4-B2.5,"Chandramohan et al., 2025",ce18f7262e7c08225218a62d1835e574,11.6,True,4
342,C240-L6000-EEH1-D0.4-B3,"Chandramohan et al., 2025",963c279579687325cf65d7816d746cda,11.58,True,4
343,C240-L6000-EEH3-D0.4-B3,"Chandramohan et al., 2025",7c92c4df9bd7cd02299e19fe67d53071,11.41,True,4
344,C240-L6000-EEH1-D0.5-B2,"Chandramohan et al., 2025",7a5b9a94283420d8345ade98fccb8343,11.67,True,4
345,C240-L6000-EEH3-D0.5-B2,"Chandramohan et al., 2025",3f06e4a668e410a05799a101e5c95d37,11.32,True,4
346,C240-L6000-EEH1-D0.5-B2.5,"Chandramohan et al., 2025",0a0dce3d81eec912054cde6bbc93e2f6,11.12,True,4
347,C240-L6000-EEH3-D0.5-B2.5,"Chandramohan et al., 2025",fd64c2006a42e1fe9eafbc7b96757843,10.97,True,4
348,C240-L6000-EEH1-D0.5-B3,"Chandramohan et al., 2025",6fd7f9f6f4f02162595aa7e4e1dc547e,10.64,True,4
349,C240-L6000-EEH3-D0.5-B3,"Chandramohan et al., 2025",fa2f4ff05f6cc78261f9adaf55d8357b,10.33,True,4
350,C240-L6000-EEH1-D0.6-B2,"Chandramohan et al., 2025",c617f30653fa0f185c22161c0b2a62b0,10.57,True,4
351,C240-L6000-EEH3-D0.6-B2,"Chandramohan et al., 2025",0bd195310aa0697ac0d23496e708abcc,10.25,True,4
352,C240-L6000-EEH1-D0.6-B2.5,"Chandramohan et al., 2025",0c41e698174bd6f8aa4d6c418a25888e,9.96,True,4
353,C240-L6000-EEH3-D0.6-B2.5,"Chandramohan et al., 2025",806dd35b8cdadc4f4ba02e0cf8b5a056,9.62,True,4
354,C240-L6000-EEH1-D0.6-B3,"Chandramohan et al., 2025",71571da1f7eb7125db563b7f1600c8ac,9.48,True,4
355,C240-L6000-EEH3-D0.6-B3,"Chandramohan et al., 2025",aa1c6d696208367d9a2169f48101faff,9.22,True,4
356,C290-L6000-EEH1-D0.4-B2,"Chandramohan et al., 2025",2176bd19b6945c30e88bb85619db4a04,18.69,True,4
357,C290-L6000-EEH3-D0.4-B2,"Chandramohan et al., 2025",3b584d5cf338a5aa11cc55dc9f21f39f,17.85,True,4
358,C290-L6000-EEH1-D0.4-B2.5,"Chandramohan et al., 2025",0a3f84b5efa3c4b1d2d6f44b8593d488,17.44,True,4
359,C290-L6000-EEH3-D0.4-B2.5,"Chandramohan et al., 2025",7c9b7f765badf7e1cb8f51e35f011395,17.3,True,4
360,C290-L6000-EEH1-D0.4-B3,"Chandramohan et al., 2025",8a6cb5e45e812e6685d0515a9e457183,17.05,True,4
361,C290-L6000-EEH3-D0.4-B3,"Chandramohan et al., 2025",094e3701ef741971d15a7132b2cb311b,16.95,True,4
362,C290-L6000-EEH1-D0.5-B2,"Chandramohan et al., 2025",45b8b2684ec6c674633f38a517f85b68,17.31,True,4
363,C290-L6000-EEH3-D0.5-B2,"Chandramohan et al., 2025",5e3949193432d06b06987eddfa4249c1,17.0,True,4
364,C290-L6000-EEH1-D0.5-B2.5,"Chandramohan et al., 2025",4569f04825bf153a0a71a1c7332330d3,16.79,True,4
365,C290-L6000-EEH3-D0.5-B2.5,"Chandramohan et al., 2025",43f60415e409cfe65620acb92d805d15,16.4,True,4
366,C290-L6000-EEH1-D0.5-B3,"Chandramohan et al., 2025",bf9141d1d5e972e6ac07dfdd3d77aed3,15.99,True,4
367,C290-L6000-EEH3-D0.5-B3,"Chandramohan et al., 2025",151c98cab4dcddd5df2bf55e31a72d5f,15.56,True,4
368,C290-L6000-EEH1-D0.6-B2,"Chandramohan et al., 2025",be4be35294a8566470750a2aa0870f82,15.93,True,4
369,C290-L6000-EEH3-D0.6-B2,"Chandramohan et al., 2025",cb8bba0ebdf2b8f24012e4eef253f1a1,15.49,True,4
370,C290-L6000-EEH1-D0.6-B2.5,"Chandramohan et al., 2025",103332ffc3b02eb9a410b370558e5ec6,15.03,True,4
371,C290-L6000-EEH3-D0.6-B2.5,"Chandramohan et al., 2025",eb6ba40bfc4c49967977c0980db5575a,14.63,True,4
372,C290-L6000-EEH1-D0.6-B3,"Chandramohan et al., 2025",bdd95f93fff398856e2d718424eaec71,14.26,True,4
373,C290-L6000-EEH3-D0.6-B3,"Chandramohan et al., 2025",47faf717b3981dc3fb3e6bb24ab6cd65,13.96,True,4
374,C240-L4000-EEH1-D0.4-B2,"Chandramohan et al., 2025",dbea8d54260120b55ccb167468cfd0a3,13.19,True,4
375,C240-L4000-EEH1-D0.4-B2.5,"Chandramohan et al., 2025",3a6058d025c067e5a6096f88eb27c737,12.8,True,8
376,C240-L4000-EEH1-D0.4-B3,"Chandramohan et al., 2025",2a073d35b4747a6a661c8b9d5dda6feb,12.38,True,4
377,C240-L4000-EEH1-D0.5-B2,"Chandramohan et al., 2025",35b086c56c1da39f676a89c278f18d32,12.6,True,4
378,C240-L4000-EEH1-D0.5-B2.5,"Chandramohan et al., 2025",3a6058d025c067e5a6096f88eb27c737,12.15,True,8
379,C240-L4000-EEH1-D0.6-B2,"Chandramohan et al., 2025",59fecd56b78272f1d5e6a484b879111d,11.66,True,4
380,C240-L4000-EEH1-D0.6-B2.5,"Chandramohan et al., 2025",32aaa2ed42c53faed9459296d9a47a07,12.33,True,4
381,C240-L4000-EEH1-D0.6-B3,"Chandramohan et al., 2025",acad8dbfe68453bbe86deaac24b75ea7,11.13,True,4
382,C290-L4000-EEH1-D0.4-B2,"Chandramohan et al., 2025",4a3b5d46e3e56b67a0534c3407129cca,10.59,True,4
383,C290-L4000-EEH1-D0.4-B2.5,"Chandramohan et al., 2025",f5814afc550613e91b5d98ff95df50a8,19.33,True,4
384,C290-L4000-EEH1-D0.5-B2,"Chandramohan et al., 2025",58a87aa47bf76dabb1dbabb997624f4f,18.11,True,4
385,C290-L4000-EEH1-D0.5-B2.5,"Chandramohan et al., 2025",a9c9456452c123728eaef475c3bd517a,18.69,True,4
386,C290-L4000-EEH1-D0.6-B2,"Chandramohan et al., 2025",5a518b3aee9b0e1de4087aca08657ee4,18.32,True,4
387,C290-L4000-EEH1-D0.6-B2.5,"Chandramohan et al., 2025",fbd1fa24cec5dd06582e6970f5ac1806,17.64,True,4
388,C290-L4000-EEH1-D0.6-B3,"Chandramohan et al., 2025",1661bd3b90b4b91d0c93ee7f1a041f5f,17.6,True,4
389,C240-L6000-EEH1-D0.4-B2,"Chandramohan et al., 2025",c9569ab083fca0d777de5affdb50c53f,11.92,True,4
390,C240-L6000-EEH3-D0.4-B2,"Chandramohan et al., 2025",e673cac1a62758dc197dc18bc191f946,11.74,True,4
391,C240-L6000-EEH1-D0.4-B2.5,"Chandramohan et al., 2025",dca14988b4f1fa478dad1bdc7855d8c1,11.74,True,4
392,C240-L6000-EEH3-D0.4-B2.5,"Chandramohan et al., 2025",ce18f7262e7c08225218a62d1835e574,11.62,True,4
393,C240-L6000-EEH1-D0.4-B3,"Chandramohan et al., 2025",963c279579687325cf65d7816d746cda,11.56,True,4
394,C240-L6000-EEH3-D0.4-B3,"Chandramohan et al., 2025",7c92c4df9bd7cd02299e19fe67d53071,11.38,True,4
395,C240-L6000-EEH1-D0.5-B2,"Chandramohan et al., 2025",7a5b9a94283420d8345ade98fccb8343,11.55,True,4
396,C240-L6000-EEH3-D0.5-B2,"Chandramohan et al., 2025",3f06e4a668e410a05799a101e5c95d37,11.29,True,4
397,C240-L6000-EEH1-D0.5-B2.5,"Chandramohan et al., 2025",0a0dce3d81eec912054cde6bbc93e2f6,11.1,True,4
398,C240-L6000-EEH3-D0.5-B2.5,"Chandramohan et al., 2025",fd64c2006a42e1fe9eafbc7b96757843,10.96,True,4
399,C240-L6000-EEH1-D0.5-B3,"Chandramohan et al., 2025",6fd7f9f6f4f02162595aa7e4e1dc547e,10.61,True,4
400,C240-L6000-EEH3-D0.5-B3,"Chandramohan et al., 2025",fa2f4ff05f6cc78261f9adaf55d8357b,10.35,True,4
401,C240-L6000-EEH1-D0.6-B2,"Chandramohan et al., 2025",c617f30653fa0f185c22161c0b2a62b0,10.48,True,4
402,C240-L6000-EEH3-D0.6-B2,"Chandramohan et al., 2025",0bd195310aa0697ac0d23496e708abcc,10.19,True,4
403,C240-L6000-EEH1-D0.6-B2.5,"Chandramohan et al., 2025",0c41e698174bd6f8aa4d6c418a25888e,9.91,True,4
404,C240-L6000-EEH3-D0.6-B2.5,"Chandramohan et al., 2025",806dd35b8cdadc4f4ba02e0cf8b5a056,9.59,True,4
405,C240-L6000-EEH1-D0.6-B3,"Chandramohan et al., 2025",71571da1f7eb7125db563b7f1600c8ac,9.44,True,4
406,C240-L6000-EEH3-D0.6-B3,"Chandramohan et al., 2025",aa1c6d696208367d9a2169f48101faff,9.19,True,4
407,C290-L6000-EEH1-D0.4-B2,"Chandramohan et al., 2025",2176bd19b6945c30e88bb85619db4a04,18.63,True,4
408,C290-L6000-EEH3-D0.4-B2,"Chandramohan et al., 2025",3b584d5cf338a5aa11cc55dc9f21f39f,17.8,True,4
409,C290-L6000-EEH1-D0.4-B2.5,"Chandramohan et al., 2025",0a3f84b5efa3c4b1d2d6f44b8593d488,17.38,True,4
410,C290-L6000-EEH3-D0.4-B2.5,"Chandramohan et al., 2025",7c9b7f765badf7e1cb8f51e35f011395,17.24,True,4
411,C290-L6000-EEH1-D0.4-B3,"Chandramohan et al., 2025",8a6cb5e45e812e6685d0515a9e457183,17.01,True,4
412,C290-L6000-EEH3-D0.4-B3,"Chandramohan et al., 2025",094e3701ef741971d15a7132b2cb311b,16.93,True,4
413,C290-L6000-EEH1-D0.5-B2,"Chandramohan et al., 2025",45b8b2684ec6c674633f38a517f85b68,17.26,True,4
414,C290-L6000-EEH3-D0.5-B2,"Chandramohan et al., 2025",5e3949193432d06b06987eddfa4249c1,16.92,True,4
415,C290-L6000-EEH1-D0.5-B2.5,"Chandramohan et al., 2025",4569f04825bf153a0a71a1c7332330d3,16.7,True,4
416,C290-L6000-EEH3-D0.5-B2.5,"Chandramohan et al., 2025",43f60415e409cfe65620acb92d805d15,16.28,True,4
417,C290-L6000-EEH1-D0.5-B3,"Chandramohan et al., 2025",bf9141d1d5e972e6ac07dfdd3d77aed3,15.89,True,4
418,C290-L6000-EEH3-D0.5-B3,"Chandramohan et al., 2025",151c98cab4dcddd5df2bf55e31a72d5f,15.49,True,4
419,C290-L6000-EEH1-D0.6-B2,"Chandramohan et al., 2025",be4be35294a8566470750a2aa0870f82,15.87,True,4
420,C290-L6000-EEH3-D0.6-B2,"Chandramohan et al., 2025",cb8bba0ebdf2b8f24012e4eef253f1a1,15.44,True,4
421,C290-L6000-EEH1-D0.6-B2.5,"Chandramohan et al., 2025",103332ffc3b02eb9a410b370558e5ec6,14.9,True,4
422,C290-L6000-EEH3-D0.6-B2.5,"Chandramohan et al., 2025",eb6ba40bfc4c49967977c0980db5575a,14.52,True,4
423,C290-L6000-EEH1-D0.6-B3,"Chandramohan et al., 2025",bdd95f93fff398856e2d718424eaec71,14.18,True,4
424,C290-L6000-EEH3-D0.6-B3,"Chandramohan et al., 2025",47faf717b3981dc3fb3e6bb24ab6cd65,13.88,True,4
425,C240-L4000-EEH1-D0.4-B2,"Chandramohan et al., 2025",dbea8d54260120b55ccb167468cfd0a3,13.16,True,4
426,C240-L4000-EEH1-D0.4-B2.5,"Chandramohan et al., 2025",3a6058d025c067e5a6096f88eb27c737,12.78,True,8
427,C240-L4000-EEH1-D0.4-B3,"Chandramohan et al., 2025",2a073d35b4747a6a661c8b9d5dda6feb,12.36,True,4
428,C240-L4000-EEH1-D0.5-B2,"Chandramohan et al., 2025",35b086c56c1da39f676a89c278f18d32,12.58,True,4
429,C240-L4000-EEH1-D0.5-B2.5,"Chandramohan et al., 2025",3a6058d025c067e5a6096f88eb27c737,12.13,True,8
430,C240-L4000-EEH1-D0.6-B2,"Chandramohan et al., 2025",59fecd56b78272f1d5e6a484b879111d,11.65,True,4
431,C240-L4000-EEH1-D0.6-B2.5,"Chandramohan et al., 2025",32aaa2ed42c53faed9459296d9a47a07,12.31,True,4
432,C240-L4000-EEH1-D0.6-B3,"Chandramohan et al., 2025",acad8dbfe68453bbe86deaac24b75ea7,11.11,True,4
433,C290-L4000-EEH1-D0.4-B2,"Chandramohan et al., 2025",4a3b5d46e3e56b67a0534c3407129cca,10.52,True,4
434,C290-L4000-EEH1-D0.4-B2.5,"Chandramohan et al., 2025",f5814afc550613e91b5d98ff95df50a8,19.26,True,4
435,C290-L4000-EEH1-D0.5-B2,"Chandramohan et al., 2025",58a87aa47bf76dabb1dbabb997624f4f,18.05,True,4
436,C290-L4000-EEH1-D0.5-B2.5,"Chandramohan et al., 2025",a9c9456452c123728eaef475c3bd517a,18.55,True,4
437,C290-L4000-EEH1-D0.6-B2,"Chandramohan et al., 2025",5a518b3aee9b0e1de4087aca08657ee4,18.25,True,4
438,C290-L4000-EEH1-D0.6-B2.5,"Chandramohan et al., 2025",fbd1fa24cec5dd06582e6970f5ac1806,17.58,True,4
439,C290-L4000-EEH1-D0.6-B3,"Chandramohan et al., 2025",1661bd3b90b4b91d0c93ee7f1a041f5f,17.48,True,4
440,C240-L6000-EEH1-D0.4-B2,"Chandramohan et al., 2025",c9569ab083fca0d777de5affdb50c53f,11.9,True,4
441,C240-L6000-EEH3-D0.4-B2,"Chandramohan et al., 2025",e673cac1a62758dc197dc18bc191f946,11.72,True,4
442,C240-L6000-EEH1-D0.4-B2.5,"Chandramohan et al., 2025",dca14988b4f1fa478dad1bdc7855d8c1,11.72,True,4
443,C240-L6000-EEH3-D0.4-B2.5,"Chandramohan et al., 2025",ce18f7262e7c08225218a62d1835e574,11.62,True,4
444,C240-L6000-EEH1-D0.4-B3,"Chandramohan et al., 2025",963c279579687325cf65d7816d746cda,11.54,True,4
445,C240-L6000-EEH3-D0.4-B3,"Chandramohan et al., 2025",7c92c4df9bd7cd02299e19fe67d53071,11.38,True,4
446,C240-L6000-EEH1-D0.5-B2,"Chandramohan et al., 2025",7a5b9a94283420d8345ade98fccb8343,11.48,True,4
447,C240-L6000-EEH3-D0.5-B2,"Chandramohan et al., 2025",3f06e4a668e410a05799a101e5c95d37,11.2,True,4
448,C240-L6000-EEH1-D0.5-B2.5,"Chandramohan et al., 2025",0a0dce3d81eec912054cde6bbc93e2f6,11.08,True,4
449,C240-L6000-EEH3-D0.5-B2.5,"Chandramohan et al., 2025",fd64c2006a42e1fe9eafbc7b96757843,10.93,True,4
450,C240-L6000-EEH1-D0.5-B3,"Chandramohan et al., 2025",6fd7f9f6f4f02162595aa7e4e1dc547e,10.6,True,4
451,C240-L6000-EEH3-D0.5-B3,"Chandramohan et al., 2025",fa2f4ff05f6cc78261f9adaf55d8357b,10.34,True,4
452,C240-L6000-EEH1-D0.6-B2,"Chandramohan et al., 2025",c617f30653fa0f185c22161c0b2a62b0,10.39,True,4
453,C240-L6000-EEH3-D0.6-B2,"Chandramohan et al., 2025",0bd195310aa0697ac0d23496e708abcc,10.13,True,4
454,C240-L6000-EEH1-D0.6-B2.5,"Chandramohan et al., 2025",0c41e698174bd6f8aa4d6c418a25888e,9.9,True,4
455,C240-L6000-EEH3-D0.6-B2.5,"Chandramohan et al., 2025",806dd35b8cdadc4f4ba02e0cf8b5a056,9.67,True,4
456,C240-L6000-EEH1-D0.6-B3,"Chandramohan et al., 2025",71571da1f7eb7125db563b7f1600c8ac,9.39,True,4
457,C240-L6000-EEH3-D0.6-B3,"Chandramohan et al., 2025",aa1c6d696208367d9a2169f48101faff,9.18,True,4
458,C290-L6000-EEH1-D0.4-B2,"Chandramohan et al., 2025",2176bd19b6945c30e88bb85619db4a04,18.57,True,4
459,C290-L6000-EEH3-D0.4-B2,"Chandramohan et al., 2025",3b584d5cf338a5aa11cc55dc9f21f39f,17.75,True,4
460,C290-L6000-EEH1-D0.4-B2.5,"Chandramohan et al., 2025",0a3f84b5efa3c4b1d2d6f44b8593d488,17.32,True,4
461,C290-L6000-EEH3-D0.4-B2.5,"Chandramohan et al., 2025",7c9b7f765badf7e1cb8f51e35f011395,17.18,True,4
462,C290-L6000-EEH1-D0.4-B3,"Chandramohan et al., 2025",8a6cb5e45e812e6685d0515a9e457183,16.95,True,4
463,C290-L6000-EEH3-D0.4-B3,"Chandramohan et al., 2025",094e3701ef741971d15a7132b2cb311b,16.85,True,4
464,C290-L6000-EEH1-D0.5-B2,"Chandramohan et al., 2025",45b8b2684ec6c674633f38a517f85b68,17.15,True,4
465,C290-L6000-EEH3-D0.5-B2,"Chandramohan et al., 2025",5e3949193432d06b06987eddfa4249c1,16.8,True,4
466,C290-L6000-EEH1-D0.5-B2.5,"Chandramohan et al., 2025",4569f04825bf153a0a71a1c7332330d3,16.61,True,4
467,C290-L6000-EEH3-D0.5-B2.5,"Chandramohan et al., 2025",43f60415e409cfe65620acb92d805d15,16.19,True,4
468,C290-L6000-EEH1-D0.5-B3,"Chandramohan et al., 2025",bf9141d1d5e972e6ac07dfdd3d77aed3,15.82,True,4
469,C290-L6000-EEH3-D0.5-B3,"Chandramohan et al., 2025",151c98cab4dcddd5df2bf55e31a72d5f,15.48,True,4
470,C290-L6000-EEH1-D0.6-B2,"Chandramohan et al., 2025",be4be35294a8566470750a2aa0870f82,15.71,True,4
471,C290-L6000-EEH3-D0.6-B2,"Chandramohan et al., 2025",cb8bba0ebdf2b8f24012e4eef253f1a1,15.3,True,4
472,C290-L6000-EEH1-D0.6-B2.5,"Chandramohan et al., 2025",103332ffc3b02eb9a410b370558e5ec6,14.87,True,4
473,C290-L6000-EEH3-D0.6-B2.5,"Chandramohan et al., 2025",eb6ba40bfc4c49967977c0980db5575a,14.57,True,4
474,C290-L6000-EEH1-D0.6-B3,"Chandramohan et al., 2025",bdd95f93fff398856e2d718424eaec71,14.11,True,4
475,C290-L6000-EEH3-D0.6-B3,"Chandramohan et al., 2025",47faf717b3981dc3fb3e6bb24ab6cd65,13.86,True,4
476,"c-0-0(1,2)","Sivakumaran et al., 2006",316ba11b1f8bce786f5a2a275c8c4720,9.77,False,3
477,"c-0-0(3,4)","Sivakumaran et al., 2006",316ba11b1f8bce786f5a2a275c8c4720,10.08,False,3
478,"c-0-(5,6)","Sivakumaran et al., 2006",316ba11b1f8bce786f5a2a275c8c4720,9.83,False,3
479,"s-0-(1,2)","Sivakumaran et al., 2006",c326c2dc5fc96094d55baacc75f0a8a3,9.99,False,3
480,"s-0-(3,4)","Sivakumaran et al., 2006",c326c2dc5fc96094d55baacc75f0a8a3,10.13,False,3
481,"s-0-(5,6)","Sivakumaran et al., 2006",c326c2dc5fc96094d55baacc75f0a8a3,10.08,False,3
482,"R-0-(1,2)","Sivakumaran et al., 2006",b039cc25449c046c8eb2bdcb9f593cae,10.13,False,3
483,"R-0-(3,4)","Sivakumaran et al., 2006",b039cc25449c046c8eb2bdcb9f593cae,10.4,False,3
484,"R-0-(5,6)","Sivakumaran et al., 2006",b039cc25449c046c8eb2bdcb9f593cae,10.08,False,3
485,D137-S68,"Sadid et al., 2025",0c2df890f923bd0e3dbf5ca2bae5d76d,76.2,False,1
486,D148-S57,"Sadid et al., 2025",402e03a6f2c8e05fdeda626325406515,73.93,False,1
487,D160-S45,"Sadid et al., 2025",e7d2fa00c0343523f4250608cbdf3696,72.074,False,1
488,B-C01,"Tohamy et al., 2021",088b0424a2e92dcf4432c7e59e6c6f26,11.21,False,1
489,B-C02,"Tohamy et al., 2021",2d10bd41c6287cacd2d96b9341237d7d,11.19,False,1
490,B-C03,"Tohamy et al., 2021",14efb1dd953af745cf4e8b2964124df8,11.17,False,1
491,B-C04,"Tohamy et al., 2021",31bd65db2142b125bca30eb4cfeba83b,11.1,False,1
492,B-C05,"Tohamy et al., 2021",e21e28877ef4c7617aeee4a6c0ede594,10.87,False,1
493,B-C06,"Tohamy et al., 2021",3b9f53776fa6b4019be4d92c6efc8329,10.5,False,1
494,B-C07,"Tohamy et al., 2021",0ec399db0f236c19c185fffc6ba7da01,9.93,False,1
495,B-C08,"Tohamy et al., 2021",648e0a591eba21ed3cb03a2b6867ce75,9.07,False,1
